<?xml version="1.0" encoding="UTF-8"?>
<!--Sample XML file generated by XMLSpy v2013 sp1 (x64) (http://www.altova.com)-->
<Declaration xsi:schemaLocation="urn:wco:datamodel:TW:NX101:R-00-01 NX101.xsd" xmlns="urn:wco:datamodel:TW:NX101:R-00-01" xmlns:xsi="http://www.w3.org/2001/XMLSchema-instance">
	<FunctionalReferenceID>12345678002111070001</FunctionalReferenceID>
	<FunctionCode>9</FunctionCode>
	<Consignment>
		<GovernmentAgencyGoodsItem>
			<Manufacturer>
				<ID>33335555</ID>
				<Name></Name>
				<tw_ChineseName>蘇一有機農場</tw_ChineseName>
				<tw_MainManufacturer>N</tw_MainManufacturer>
				<tw_TypeCode>58</tw_TypeCode>
				<Address>
					<tw_ChineseLine>嘉義縣中中路8880號</tw_ChineseLine>
				</Address>				
			</Manufacturer>
			<Manufacturer>
				<ID>33336666</ID>
				<Name/>
				<tw_ChineseName>琴琴農產加工製造廠</tw_ChineseName>
				<tw_MainManufacturer>Y</tw_MainManufacturer>
				<tw_TypeCode>160</tw_TypeCode>
				<Address>
					<tw_ChineseLine>苗栗縣大中路9990號</tw_ChineseLine>
				</Address>				
			</Manufacturer>
		</GovernmentAgencyGoodsItem>
		<UnloadingLocation>
			<ID>HKKWN</ID>
			<Name/>
		</UnloadingLocation>
	</Consignment>
	<GoodsShipment>
		<Consignment>
			<LoadingLocation>				
				<ID>TWTXG</ID>
			</LoadingLocation>			
			<UnloadingLocation>
				<ID>HKKWN</ID>
			</UnloadingLocation>
		</Consignment>
		<Exporter>
			<ID>12345678</ID>
			<Name>COMPOSE INFORMATION CO., LTD.</Name>
			<tw_ChineseName/>
			<tw_TypeCode>58</tw_TypeCode>
			<Address>
				<Line>No. 88, Fareast Rd., Chungli City, Taoyuan, Taiwan, ROC</Line>
				<tw_ChineseLine/>
			</Address>
			<Communication>
				<ID>(02)1234-5678</ID>
				<TypeID>TE</TypeID>
			</Communication>
			<Communication>
				<ID>aaa@hotmail.com</ID>
				<TypeID>MA</TypeID>
			</Communication>
			<Communication>
				<ID>(02)8765-4321</ID>
				<TypeID>FX</TypeID>
			</Communication>
		</Exporter>
		<GoodsMeasure>
			<TariffQuantity>1000.1245</TariffQuantity>
			<tw_UnitCode>KGM</tw_UnitCode>
		</GoodsMeasure>
		<GoodsMeasure>
			<TariffQuantity>555</TariffQuantity>
			<tw_UnitCode>KPC</tw_UnitCode>
		</GoodsMeasure>
		<GovernmentAgencyGoodsItem>
			<SequenceNumeric>1</SequenceNumeric>
			<tw_CriteriaCode>01</tw_CriteriaCode>
			<Commodity>
				<CommercialCategorizationID/>
				<Description>EVERZOL YELLOW 3RS H/C</Description>
				<tw_PrintingTariffCode>N</tw_PrintingTariffCode>
				<Classification>
					<ID>32041610008</ID>
					<IdentificationTypeCode>HS</IdentificationTypeCode>
				</Classification>					
			</Commodity>
			<GoodsMeasure>
				<TariffQuantity>10000.1245</TariffQuantity>
				<tw_UnitCode>KGM</tw_UnitCode>
			</GoodsMeasure>			
		</GovernmentAgencyGoodsItem>
		<GovernmentAgencyGoodsItem>
			<SequenceNumeric>2</SequenceNumeric>
			<tw_CriteriaCode>02</tw_CriteriaCode>
			<Commodity>
				<CommercialCategorizationID/>
				<Description>NYLON RINGS PO250003496 K101110303000715A</Description>
				<Name/>
				<tw_PrintingTariffCode>N</tw_PrintingTariffCode>
				<Classification>
					<ID>39269090908</ID>
					<IdentificationTypeCode>HS</IdentificationTypeCode>
				</Classification>					
			</Commodity>
			<GoodsMeasure>
				<TariffQuantity>55</TariffQuantity>
				<tw_UnitCode>KPC</tw_UnitCode>
			</GoodsMeasure>			
		</GovernmentAgencyGoodsItem>
		<GovernmentAgencyGoodsItem>
			<SequenceNumeric>3</SequenceNumeric>
			<tw_CriteriaCode>02</tw_CriteriaCode>
			<Commodity>
				<Description>NYLON RINGS PO250003496 K101110303000715A</Description>
				<tw_PrintingTariffCode>N</tw_PrintingTariffCode>
				<Classification>
					<ID>39269090908</ID>
					<IdentificationTypeCode>HS</IdentificationTypeCode>
				</Classification>								
			</Commodity>
			<GoodsMeasure>
				<TariffQuantity>500</TariffQuantity>
				<tw_UnitCode>KPC</tw_UnitCode>
			</GoodsMeasure>			
		</GovernmentAgencyGoodsItem>		
	</GoodsShipment>
	<GovernmentProcedure>
		<Description>SAY TOTAL FIVE HUNDRED (500) CTNS ONLY.</Description>
	</GovernmentProcedure>
	<Packaging>
		<MarksNumbers>SQM SA CALLAO NO. 1X P/O NO. 01F9 MADE IN TAIWAN</MarksNumbers>
	</Packaging>	
	<tw_Application>
		<tw_AdhocCode>Y</tw_AdhocCode>
		<tw_CopyQuantity>12</tw_CopyQuantity>
		<tw_GoodsReleaseCode>Y</tw_GoodsReleaseCode>
		<tw_GoodsReleaseReasonCode>02</tw_GoodsReleaseReasonCode>
		<tw_OriginalCopyQuantity>2</tw_OriginalCopyQuantity>
		<tw_PrintingCode>01</tw_PrintingCode>
		<tw_TriangularTradeCode>a</tw_TriangularTradeCode>
		<tw_TypeCode>01</tw_TypeCode>
		<Agent>
			<ID>55556666</ID>
			<Name>小美貿易有限公司</Name>
			<tw_TypeCode>58</tw_TypeCode>
			<Address>
				<tw_ChineseLine>臺北市基隆路九段600號</tw_ChineseLine>
			</Address>
			<Communication>
				<ID>(02)7654-3210</ID>
				<TypeID>TE</TypeID>
			</Communication>
		</Agent>
		<ContactOffice>
			<ID>AA</ID>
		</ContactOffice>
		<tw_Applicant>
			<tw_ChineseName>複合資訊股份有限公司</tw_ChineseName>
			<tw_ID>12345678</tw_ID>
			<tw_TypeCode>58</tw_TypeCode>
			<tw_UndertakeCode>Y</tw_UndertakeCode>
			<Address>
				<tw_ChineseLine>桃園縣中壢市遠東路88號</tw_ChineseLine>
			</Address>			
		</tw_Applicant>
	</tw_Application>
	<tw_COImporter>
		<tw_ChineseName>Hong Kong Commercial Co., Ltd.</tw_ChineseName>		
		<Address>
			<tw_ChineseLine>20 Nathan Road, Kowloon, Hong Kong</tw_ChineseLine>
		</Address>		
	</tw_COImporter>
</Declaration>
