<?xml version="1.0" encoding="UTF-8"?>
<!--Sample XML file generated by XMLSpy v2013 sp1 (x64) (http://www.altova.com)-->
<Response xsi:schemaLocation="urn:wco:datamodel:TW:NX102:R-00-01 NX102.xsd" xmlns="urn:wco:datamodel:TW:NX102:R-00-01" xmlns:xsi="http://www.w3.org/2001/XMLSchema-instance">
	<AdditionalInformation>
		<tw_ProcessNumber>20211108A000001</tw_ProcessNumber>
	</AdditionalInformation>
	<Status>
		<NameCode>N</NameCode>
	</Status>
	<Declaration>
		<IssueDateTime>2021-11-08T01:05:10</IssueDateTime>
		<AdditionalInformation>
			<Content>2</Content>
		</AdditionalInformation>
		<ContactOffice>
			<tw_Name>台灣省商業會</tw_Name>
		</ContactOffice>
		<PreviousDocument>
			<tw_FunctionalReferenceID>12345678002111070004</tw_FunctionalReferenceID>
		</PreviousDocument>
		<tw_Application>
			<tw_TypeCode>15</tw_TypeCode>
		</tw_Application>
	</Declaration>
</Response>
